time,uv_sensor,volts,uv index,Temp_avg,Temp_min,Temp_max,Humidity,cloud cover
2021-11-11 16:29,61,0.196582,1,3.5,-1.3,9.5,69.1,2.4
2021-11-11 16:29,70,0.225586,1,3.5,-1.3,9.5,69.1,2.4
2021-11-11 16:29,69,0.222363,1,3.5,-1.3,9.5,69.1,2.4
2021-11-11 16:29,69,0.222363,1,3.5,-1.3,9.5,69.1,2.4
2021-11-11 16:29,69,0.222363,1,3.5,-1.3,9.5,69.1,2.4
2021-11-11 16:29,68,0.219141,1,3.5,-1.3,9.5,69.1,2.4
2021-11-11 16:29,68,0.219141,1,3.5,-1.3,9.5,69.1,2.4
2021-11-11 16:29,68,0.219141,1,3.5,-1.3,9.5,69.1,2.4
2021-11-11 16:29,69,0.222363,1,3.5,-1.3,9.5,69.1,2.4
2021-11-11 16:29,68,0.219141,1,3.5,-1.3,9.5,69.1,2.4
2021-11-11 16:29,67,0.215918,1,3.5,-1.3,9.5,69.1,2.4
2021-11-11 16:29,67,0.215918,1,3.5,-1.3,9.5,69.1,2.4
2021-11-11 16:29,67,0.215918,1,3.5,-1.3,9.5,69.1,2.4
2021-11-11 16:29,67,0.215918,1,3.5,-1.3,9.5,69.1,2.4
2021-11-11 16:29,67,0.215918,1,3.5,-1.3,9.5,69.1,2.4
2021-11-11 16:29,67,0.215918,1,3.5,-1.3,9.5,69.1,2.4
2021-11-11 16:30,67,0.215918,1,3.5,-1.3,9.5,69.1,2.4
2021-11-11 16:30,67,0.215918,1,3.5,-1.3,9.5,69.1,2.4
2021-11-11 16:30,67,0.215918,1,3.5,-1.3,9.5,69.1,2.4
2021-11-11 16:30,67,0.215918,1,3.5,-1.3,9.5,69.1,2.4
2021-11-11 16:30,67,0.215918,1,3.5,-1.3,9.5,69.1,2.4
2021-11-11 16:30,67,0.215918,1,3.5,-1.3,9.5,69.1,2.4
2021-11-11 16:30,67,0.215918,1,3.5,-1.3,9.5,69.1,2.4
2021-11-11 16:30,67,0.215918,1,3.5,-1.3,9.5,69.1,2.4
2021-11-11 16:30,67,0.215918,1,3.5,-1.3,9.5,69.1,2.4
2021-11-11 16:30,67,0.215918,1,3.5,-1.3,9.5,69.1,2.4
2021-11-12 16:16,39,0.125684,1,2.3,-3.1,9.2,68.6,0
2021-11-12 16:17,47,0.151465,1,2.3,-3.1,9.2,68.6,0
2021-11-12 16:17,45,0.14502,1,2.3,-3.1,9.2,68.6,0
2021-11-12 16:19,35,0.112793,1,2.3,-3.1,9.2,68.6,0
2021-11-12 16:20,45,0.14502,1,2.3,-3.1,9.2,68.6,0
2021-11-12 16:20,45,0.14502,1,2.3,-3.1,9.2,68.6,0
2021-11-12 16:21,45,0.14502,1,2.3,-3.1,9.2,68.6,0
2021-11-12 16:21,44,0.141797,1,2.3,-3.1,9.2,68.6,0
2021-11-12 16:22,43,0.138574,1,2.3,-3.1,9.2,68.6,0
2021-11-12 16:22,43,0.138574,1,2.3,-3.1,9.2,68.6,0
2021-11-12 16:23,42,0.135352,1,2.3,-3.1,9.2,68.6,0
2021-11-12 16:24,42,0.135352,1,2.3,-3.1,9.2,68.6,0
2021-11-12 16:24,42,0.135352,1,2.3,-3.1,9.2,68.6,0
2021-11-12 16:25,42,0.135352,1,2.3,-3.1,9.2,68.6,0
2021-11-12 16:25,41,0.132129,1,2.3,-3.1,9.2,68.6,0
2021-11-12 16:26,41,0.132129,1,2.3,-3.1,9.2,68.6,0
2021-11-12 16:26,41,0.132129,1,2.3,-3.1,9.2,68.6,0
2021-11-12 16:27,41,0.132129,1,2.3,-3.1,9.2,68.6,0
2021-11-12 16:27,40,0.128906,1,2.3,-3.1,9.2,68.6,0
2021-11-12 16:28,39,0.125684,1,2.3,-3.1,9.2,68.6,0
2021-11-12 16:28,38,0.122461,1,2.3,-3.1,9.2,68.6,0
2021-11-12 16:29,36,0.116016,1,2.3,-3.1,9.2,68.6,0
2021-11-12 16:29,33,0.106348,1,2.3,-3.1,9.2,68.6,0
2021-11-12 16:30,30,0.0966797,1,2.3,-3.1,9.2,68.6,0
2021-11-13 13:01,98,0.0382813,2,4.3,-4.5,12.8,79.3,2.5
2021-11-13 13:02,121,0.0472656,2,4.3,-4.5,12.8,79.3,2.5
2021-11-13 13:03,111,0.0433594,2,4.3,-4.5,12.8,79.3,2.5
2021-11-13 13:06,117,0.0457031,2,4.3,-4.5,12.8,79.3,2.5
2021-11-13 13:09,148,0.0578125,3,4.3,-4.5,12.8,79.3,2.5
2021-11-13 13:11,138,0.0539063,3,4.3,-4.5,12.8,79.3,2.5
2021-11-13 13:19,164,0.0640625,3,4.3,-4.5,12.8,79.3,2.5
2021-11-14 13:19,164,0.0640625,3,4.3,-4.5,12.8,79.3,2.5
2021-11-15 13:19,164,0.0640625,3,4.3,-4.5,12.8,79.3,2.5
2021-11-16 13:19,164,0.0640625,3,4.3,-4.5,12.8,79.3,2.5
2021-11-13 13:35,159,0.0621094,3,4.3,-4.5,12.8,79.3,2.5
2021-11-13 13:43,189,0.0738281,3,4.3,-4.5,12.8,79.3,2.5
2021-11-13 13:44,182,0.0710938,3,4.3,-4.5,12.8,79.3,2.5
2021-11-13 13:49,126,0.0492188,2,4.3,-4.5,12.8,79.3,2.5
2021-11-13 13:50,122,0.0476562,2,4.3,-4.5,12.8,79.3,2.5
2021-11-13 13:53,138,0.0539063,2,4.3,-4.5,12.8,79.3,2.5
2021-11-15 12:07,142,0.138672,3,5.6,-0.8,14,84.5,7
2021-11-15 12:07,154,0.150391,3,5.6,-0.8,14,84.5,7
2021-11-15 12:08,141,0.137695,3,5.6,-0.8,14,84.5,7
2021-11-15 12:10,148,0.144531,3,5.6,-0.8,14,84.5,7
2021-11-15 12:11,188,0.183594,3,5.6,-0.8,14,84.5,7
2021-11-15 12:19,161,0.157227,3,5.6,-0.8,14,84.5,7
2021-11-15 12:19,200,0.195312,3,5.6,-0.8,14,84.5,7
2021-11-15 12:21,157,0.15332,3,5.6,-0.8,14,84.5,7
2021-11-15 12:21,198,0.193359,3,5.6,-0.8,14,84.5,7
2021-11-15 12:22,184,0.179688,3,5.6,-0.8,14,84.5,7
2021-11-16 12:07,170,0.166016,3,4.5,-1.8,13.6,79.1,0
2021-11-16 12:20,198,0.193359,3,4.5,-1.8,13.6,79.1,0
2021-11-16 12:20,195,0.19043,3,4.5,-1.8,13.6,79.1,0
2021-11-16 12:21,194,0.189453,3,4.5,-1.8,13.6,79.1,0
2021-11-16 12:21,195,0.19043,3,4.5,-1.8,13.6,79.1,0
2021-11-16 12:22,196,0.191406,3,4.5,-1.8,13.6,79.1,0
2021-11-16 12:22,195,0.19043,3,4.5,-1.8,13.6,79.1,0
2021-11-16 12:23,188,0.183594,3,4.5,-1.8,13.6,79.1,0
2021-11-16 12:23,187,0.182617,3,4.5,-1.8,13.6,79.1,0
2021-11-16 12:24,186,0.181641,3,4.5,-1.8,13.6,79.1,0
2021-11-16 12:24,188,0.183594,3,4.5,-1.8,13.6,79.1,0
2021-11-16 12:25,190,0.185547,3,4.5,-1.8,13.6,79.1,0
2021-11-16 12:25,193,0.188477,3,4.5,-1.8,13.6,79.1,0
2021-11-16 12:26,195,0.19043,3,4.5,-1.8,13.6,79.1,0
2021-11-16 12:26,197,0.192383,3,4.5,-1.8,13.6,79.1,0
2021-11-16 12:27,198,0.193359,3,4.5,-1.8,13.6,79.1,0
2021-11-16 12:27,199,0.194336,3,4.5,-1.8,13.6,79.1,0
2021-11-16 12:38,200,0.195312,3,4.5,-1.8,13.6,79.1,0
2021-11-16 12:48,199,0.194336,3,4.5,-1.8,13.6,79.1,0
2021-11-16 12:49,198,0.193359,3,4.5,-1.8,13.6,79.1,0
2021-11-16 12:49,198,0.193359,3,4.5,-1.8,13.6,79.1,0
2021-11-16 12:50,199,0.194336,3,4.5,-1.8,13.6,79.1,0
2021-11-16 13:00,200,0.195312,3,4.5,-1.8,13.6,79.1,0
2021-11-16 13:01,197,0.192383,3,4.5,-1.8,13.6,79.1,0
2021-11-16 13:01,192,0.1875,3,4.5,-1.8,13.6,79.1,0
2021-11-16 13:02,188,0.183594,3,4.5,-1.8,13.6,79.1,0
2021-11-16 13:02,178,0.173828,3,4.5,-1.8,13.6,79.1,0
2021-11-16 13:03,161,0.157227,3,4.5,-1.8,13.6,79.1,0
2021-11-17 14:03,101,0.0986328,2,3.8,-3.5,12,77.6,2.9
2021-11-17 14:04,101,0.0986328,2,3.8,-3.5,12,77.6,2.9
2021-11-17 14:04,104,0.101562,2,3.8,-3.5,12,77.6,2.9
2021-11-17 14:05,109,0.106445,2,3.8,-3.5,12,77.6,2.9
2021-11-17 14:05,102,0.0996094,2,3.8,-3.5,12,77.6,2.9
2021-11-17 14:06,111,0.108398,2,3.8,-3.5,12,77.6,2.9
2021-11-20 12:32,101,0.0986328,2,6.4,0,15.2,88.3,4.6
2021-11-20 12:32,103,0.100586,2,6.4,0,15.2,88.3,4.6
2021-11-20 12:33,104,0.101562,2,6.4,0,15.2,88.3,4.6
2021-11-20 12:33,105,0.102539,2,6.4,0,15.2,88.3,4.6
2021-11-20 12:34,106,0.103516,2,6.4,0,15.2,88.3,4.6
2021-11-20 12:34,107,0.104492,2,6.4,0,15.2,88.3,4.6
2021-11-20 12:35,108,0.105469,2,6.4,0,15.2,88.3,4.6
2021-11-20 12:35,108,0.105469,2,6.4,0,15.2,88.3,4.6
2021-11-20 12:36,108,0.105469,2,6.4,0,15.2,88.3,4.6
2021-11-20 12:36,109,0.106445,2,6.4,0,15.2,88.3,4.6
2021-11-20 12:37,109,0.106445,2,6.4,0,15.2,88.3,4.6
2021-11-20 12:37,109,0.106445,2,6.4,0,15.2,88.3,4.6
2021-11-20 12:38,109,0.106445,2,6.4,0,15.2,88.3,4.6
2021-11-20 12:38,108,0.105469,2,6.4,0,15.2,88.3,4.6
2021-11-20 12:39,108,0.105469,2,6.4,0,15.2,88.3,4.6
2021-11-20 12:40,106,0.103516,2,6.4,0,15.2,88.3,4.6
2021-11-20 12:40,105,0.102539,2,6.4,0,15.2,88.3,4.6
2021-11-20 12:41,105,0.102539,2,6.4,0,15.2,88.3,4.6
2021-11-20 12:41,105,0.102539,2,6.4,0,15.2,88.3,4.6
2021-11-20 12:42,105,0.102539,2,6.4,0,15.2,88.3,4.6
2021-11-20 12:42,105,0.102539,2,6.4,0,15.2,88.3,4.6
2021-11-20 12:43,107,0.104492,2,6.4,0,15.2,88.3,4.6
2021-11-20 12:43,109,0.106445,2,6.4,0,15.2,88.3,4.6
2021-11-20 12:44,109,0.106445,2,6.4,0,15.2,88.3,4.6
2021-11-20 12:44,110,0.107422,2,6.4,0,15.2,88.3,4.6
2021-11-20 12:45,110,0.107422,2,6.4,0,15.2,88.3,4.6
2021-11-20 12:45,110,0.107422,2,6.4,0,15.2,88.3,4.6
2021-11-20 12:46,109,0.106445,2,6.4,0,15.2,88.3,4.6
2021-11-20 12:46,108,0.105469,2,6.4,0,15.2,88.3,4.6
2021-11-20 12:47,108,0.105469,2,6.4,0,15.2,88.3,4.6
2021-11-20 12:47,107,0.104492,2,6.4,0,15.2,88.3,4.6
2021-11-20 12:48,110,0.107422,2,6.4,0,15.2,88.3,4.6
2021-11-20 12:48,111,0.108398,2,6.4,0,15.2,88.3,4.6
2021-11-20 12:49,112,0.109375,2,6.4,0,15.2,88.3,4.6
2021-11-20 12:49,112,0.109375,2,6.4,0,15.2,88.3,4.6
2021-11-20 12:50,111,0.108398,2,6.4,0,15.2,88.3,4.6
2021-11-20 12:50,108,0.105469,2,6.4,0,15.2,88.3,4.6
2021-11-20 12:51,107,0.104492,2,6.4,0,15.2,88.3,4.6
2021-11-20 12:51,107,0.104492,2,6.4,0,15.2,88.3,4.6
2021-11-20 12:52,108,0.105469,2,6.4,0,15.2,88.3,4.6
2021-11-20 12:52,107,0.104492,2,6.4,0,15.2,88.3,4.6
2021-11-20 12:53,106,0.103516,2,6.4,0,15.2,88.3,4.6
2021-11-20 12:53,103,0.100586,2,6.4,0,15.2,88.3,4.6
2021-11-20 12:54,105,0.102539,2,6.4,0,15.2,88.3,4.6
2021-11-20 12:54,106,0.103516,2,6.4,0,15.2,88.3,4.6
2021-11-20 12:55,105,0.102539,2,6.4,0,15.2,88.3,4.6
2021-11-20 12:55,105,0.102539,2,6.4,0,15.2,88.3,4.6
2021-11-20 12:56,107,0.104492,2,6.4,0,15.2,88.3,4.6
2021-11-20 12:57,109,0.106445,2,6.4,0,15.2,88.3,4.6
2021-11-20 12:57,112,0.109375,2,6.4,0,15.2,88.3,4.6
2021-11-20 12:58,114,0.111328,2,6.4,0,15.2,88.3,4.6
2021-11-20 12:58,115,0.112305,2,6.4,0,15.2,88.3,4.6
2021-11-20 12:59,115,0.112305,2,6.4,0,15.2,88.3,4.6
2021-11-20 12:59,116,0.113281,2,6.4,0,15.2,88.3,4.6
2021-11-20 13:00,115,0.112305,2,6.4,0,15.2,88.3,4.6
2021-11-20 13:00,116,0.113281,2,6.4,0,15.2,88.3,4.6
2021-11-20 13:01,114,0.111328,2,6.4,0,15.2,88.3,4.6
2021-11-20 13:01,111,0.108398,2,6.4,0,15.2,88.3,4.6
2021-11-20 13:02,109,0.106445,2,6.4,0,15.2,88.3,4.6
2021-11-20 13:02,109,0.106445,2,6.4,0,15.2,88.3,4.6
2021-11-20 13:03,109,0.106445,2,6.4,0,15.2,88.3,4.6
2021-11-20 13:03,111,0.108398,2,6.4,0,15.2,88.3,4.6
2021-11-20 13:04,112,0.109375,2,6.4,0,15.2,88.3,4.6
2021-11-20 13:04,113,0.110352,2,6.4,0,15.2,88.3,4.6
2021-11-20 13:05,115,0.112305,2,6.4,0,15.2,88.3,4.6
2021-11-20 13:05,116,0.113281,2,6.4,0,15.2,88.3,4.6
2021-11-20 13:06,116,0.113281,2,6.4,0,15.2,88.3,4.6
2021-11-20 13:07,115,0.112305,2,6.4,0,15.2,88.3,4.6
2021-11-20 13:07,116,0.113281,2,6.4,0,15.2,88.3,4.6
2021-11-20 13:08,115,0.112305,2,6.4,0,15.2,88.3,4.6
2021-11-20 13:08,117,0.114258,2,6.4,0,15.2,88.3,4.6
2021-11-20 13:09,117,0.114258,2,6.4,0,15.2,88.3,4.6
2021-11-20 13:09,116,0.113281,2,6.4,0,15.2,88.3,4.6
2021-11-20 13:10,113,0.110352,2,6.4,0,15.2,88.3,4.6
2021-11-20 13:10,109,0.106445,2,6.4,0,15.2,88.3,4.6
2021-11-20 13:11,105,0.102539,2,6.4,0,15.2,88.3,4.6
2021-11-20 13:11,105,0.102539,2,6.4,0,15.2,88.3,4.6
2021-11-20 13:12,106,0.103516,2,6.4,0,15.2,88.3,4.6
2021-11-20 13:12,108,0.105469,2,6.4,0,15.2,88.3,4.6
2021-11-20 13:13,110,0.107422,2,6.4,0,15.2,88.3,4.6
2021-11-20 13:13,110,0.107422,2,6.4,0,15.2,88.3,4.6
2021-11-20 13:14,112,0.109375,2,6.4,0,15.2,88.3,4.6
2021-11-20 13:14,110,0.107422,2,6.4,0,15.2,88.3,4.6
2021-11-20 13:15,110,0.107422,2,6.4,0,15.2,88.3,4.6
2021-11-20 13:15,111,0.108398,2,6.4,0,15.2,88.3,4.6
2021-11-20 13:16,109,0.106445,2,6.4,0,15.2,88.3,4.6
2021-11-20 13:16,108,0.105469,2,6.4,0,15.2,88.3,4.6
2021-11-20 13:17,111,0.108398,2,6.4,0,15.2,88.3,4.6
2021-11-20 13:17,112,0.109375,2,6.4,0,15.2,88.3,4.6
2021-11-20 13:18,114,0.111328,2,6.4,0,15.2,88.3,4.6
2021-11-20 13:18,115,0.112305,2,6.4,0,15.2,88.3,4.6
2021-11-20 13:19,114,0.111328,2,6.4,0,15.2,88.3,4.6
2021-11-20 13:19,114,0.111328,2,6.4,0,15.2,88.3,4.6
2021-11-20 13:20,114,0.111328,2,6.4,0,15.2,88.3,4.6
2021-11-20 13:20,113,0.110352,2,6.4,0,15.2,88.3,4.6
2021-11-20 13:21,112,0.109375,2,6.4,0,15.2,88.3,4.6
2021-11-20 13:21,113,0.110352,2,6.4,0,15.2,88.3,4.6
2021-11-20 13:22,115,0.112305,2,6.4,0,15.2,88.3,4.6
2021-11-20 13:22,117,0.114258,2,6.4,0,15.2,88.3,4.6
2021-11-20 13:23,118,0.115234,2,6.4,0,15.2,88.3,4.6
2021-11-20 13:23,119,0.116211,2,6.4,0,15.2,88.3,4.6
2021-11-20 13:24,118,0.115234,2,6.4,0,15.2,88.3,4.6
2021-11-20 13:25,114,0.111328,2,6.4,0,15.2,88.3,4.6
2021-11-20 13:25,112,0.109375,2,6.4,0,15.2,88.3,4.6
2021-11-20 13:26,110,0.107422,2,6.4,0,15.2,88.3,4.6
2021-11-20 13:26,109,0.106445,2,6.4,0,15.2,88.3,4.6
2021-11-20 13:27,107,0.104492,2,6.4,0,15.2,88.3,4.6
2021-11-20 13:27,108,0.105469,2,6.4,0,15.2,88.3,4.6
2021-11-20 13:28,107,0.104492,2,6.4,0,15.2,88.3,4.6
2021-11-20 13:28,105,0.102539,2,6.4,0,15.2,88.3,4.6
2021-11-20 13:29,106,0.103516,2,6.4,0,15.2,88.3,4.6
2021-11-20 13:29,108,0.105469,2,6.4,0,15.2,88.3,4.6
2021-11-20 13:30,111,0.108398,2,6.4,0,15.2,88.3,4.6
2021-11-20 13:30,113,0.110352,2,6.4,0,15.2,88.3,4.6
2021-11-20 13:31,113,0.110352,2,6.4,0,15.2,88.3,4.6
2021-11-20 13:31,111,0.108398,2,6.4,0,15.2,88.3,4.6
2021-11-20 13:32,111,0.108398,2,6.4,0,15.2,88.3,4.6
2021-11-20 13:37,112,0.109375,2,6.4,0,15.2,88.3,4.6
2021-11-20 13:38,98,0.0957031,2,6.4,0,15.2,88.3,4.6
2021-11-20 13:38,97,0.0947266,2,6.4,0,15.2,88.3,4.6
2021-11-20 13:39,97,0.0947266,2,6.4,0,15.2,88.3,4.6
2021-11-20 13:39,96,0.09375,2,6.4,0,15.2,88.3,4.6
2021-11-20 13:40,78,0.0761719,2,6.4,0,15.2,88.3,4.6
2021-11-20 13:40,87,0.0849609,2,6.4,0,15.2,88.3,4.6
2021-11-20 13:41,91,0.0888672,2,6.4,0,15.2,88.3,4.6
2021-11-20 13:41,93,0.0908203,2,6.4,0,15.2,88.3,4.6
2021-11-20 13:42,99,0.0966797,2,6.4,0,15.2,88.3,4.6
2021-11-20 13:42,99,0.0966797,2,6.4,0,15.2,88.3,4.6
2021-11-20 13:43,98,0.0957031,2,6.4,0,15.2,88.3,4.6
2021-11-20 13:43,97,0.0947266,2,6.4,0,15.2,88.3,4.6
2021-11-20 13:44,96,0.09375,2,6.4,0,15.2,88.3,4.6
2021-11-20 13:44,100,0.0976562,2,6.4,0,15.2,88.3,4.6
2021-11-20 13:45,104,0.101562,2,6.4,0,15.2,88.3,4.6
2021-11-20 13:45,106,0.103516,2,6.4,0,15.2,88.3,4.6
2021-11-20 13:46,98,0.0957031,2,6.4,0,15.2,88.3,4.6
2021-11-20 14:03,94,0.0917969,2,6.4,0,15.2,88.3,4.6
2021-11-20 14:03,93,0.0908203,2,6.4,0,15.2,88.3,4.6
2021-11-20 14:04,92,0.0898438,2,6.4,0,15.2,88.3,4.6
2021-11-20 14:04,90,0.0878906,2,6.4,0,15.2,88.3,4.6
2021-11-20 14:05,92,0.0898438,2,6.4,0,15.2,88.3,4.6
2021-11-20 14:05,94,0.0917969,2,6.4,0,15.2,88.3,4.6
2021-11-20 14:06,103,0.100586,2,6.4,0,15.2,88.3,4.6
2021-11-20 14:06,104,0.101562,2,6.4,0,15.2,88.3,4.6
2021-11-20 14:07,101,0.0986328,2,6.4,0,15.2,88.3,4.6
2021-11-20 14:07,102,0.0996094,2,6.4,0,15.2,88.3,4.6
2021-11-20 14:08,106,0.103516,2,6.4,0,15.2,88.3,4.6
2021-11-20 14:09,102,0.0996094,2,6.4,0,15.2,88.3,4.6
2021-11-20 14:09,102,0.0996094,2,6.4,0,15.2,88.3,4.6
2021-11-20 14:10,107,0.104492,2,6.4,0,15.2,88.3,4.6
2021-11-20 14:10,107,0.104492,2,6.4,0,15.2,88.3,4.6
2021-11-20 14:11,111,0.108398,2,6.4,0,15.2,88.3,4.6
2021-11-20 14:11,111,0.108398,2,6.4,0,15.2,88.3,4.6
2021-11-20 14:12,111,0.108398,2,6.4,0,15.2,88.3,4.6
2021-11-20 14:12,105,0.102539,2,6.4,0,15.2,88.3,4.6
2021-11-20 14:13,99,0.0966797,2,6.4,0,15.2,88.3,4.6
2021-11-20 14:13,100,0.0976562,2,6.4,0,15.2,88.3,4.6
2021-11-20 14:14,102,0.0996094,2,6.4,0,15.2,88.3,4.6
2021-11-20 14:14,104,0.101562,2,6.4,0,15.2,88.3,4.6
2021-11-20 14:15,104,0.101562,2,6.4,0,15.2,88.3,4.6
2021-11-20 14:15,111,0.108398,2,6.4,0,15.2,88.3,4.6
2021-11-20 14:16,116,0.113281,2,6.4,0,15.2,88.3,4.6
2021-11-20 14:16,114,0.111328,2,6.4,0,15.2,88.3,4.6
2021-11-20 14:17,112,0.109375,2,6.4,0,15.2,88.3,4.6
2021-11-20 14:17,108,0.105469,2,6.4,0,15.2,88.3,4.6
2021-11-21 11:39,3,0.00292969,0,8.4,4.6,12.8,84.6,9.4
2021-11-21 11:39,3,0.00292969,0,8.4,4.6,12.8,84.6,9.4
2021-11-21 11:40,5,0.00488281,0,8.4,4.6,12.8,84.6,9.4
2021-11-21 11:40,5,0.00488281,0,8.4,4.6,12.8,84.6,9.4
2021-11-21 11:41,5,0.00488281,0,8.4,4.6,12.8,84.6,9.4
2021-11-21 11:41,5,0.00488281,0,8.4,4.6,12.8,84.6,9.4
2021-11-21 11:42,5,0.00488281,0,8.4,4.6,12.8,84.6,9.4
2021-11-21 11:42,5,0.00488281,0,8.4,4.6,12.8,84.6,9.4
2021-11-21 11:43,4,0.00390625,0,8.4,4.6,12.8,84.6,9.4
2021-11-21 11:43,4,0.00390625,0,8.4,4.6,12.8,84.6,9.4
2021-11-21 11:44,5,0.00488281,0,8.4,4.6,12.8,84.6,9.4
2021-11-21 11:44,5,0.00488281,0,8.4,4.6,12.8,84.6,9.4
2021-11-21 11:45,5,0.00488281,0,8.4,4.6,12.8,84.6,9.4
2021-11-21 11:45,5,0.00488281,0,8.4,4.6,12.8,84.6,9.4
2021-11-21 11:46,5,0.00488281,0,8.4,4.6,12.8,84.6,9.4
2021-11-21 11:47,5,0.00488281,0,8.4,4.6,12.8,84.6,9.4
2021-11-21 11:47,5,0.00488281,0,8.4,4.6,12.8,84.6,9.4
2021-11-21 11:48,5,0.00488281,0,8.4,4.6,12.8,84.6,9.4
2021-11-21 11:48,4,0.00390625,0,8.4,4.6,12.8,84.6,9.4
2021-11-21 11:49,4,0.00390625,0,8.4,4.6,12.8,84.6,9.4
2021-11-21 11:49,4,0.00390625,0,8.4,4.6,12.8,84.6,9.4
2021-11-21 11:50,4,0.00390625,0,8.4,4.6,12.8,84.6,9.4
2021-11-21 11:50,4,0.00390625,0,8.4,4.6,12.8,84.6,9.4
2021-11-21 11:51,4,0.00390625,0,8.4,4.6,12.8,84.6,9.4
2021-11-21 11:51,4,0.00390625,0,8.4,4.6,12.8,84.6,9.4
2021-11-21 11:52,4,0.00390625,0,8.4,4.6,12.8,84.6,9.4
2021-11-21 11:52,4,0.00390625,0,8.4,4.6,12.8,84.6,9.4
2021-11-21 11:53,4,0.00390625,0,8.4,4.6,12.8,84.6,9.4
2021-11-21 11:53,4,0.00390625,0,8.4,4.6,12.8,84.6,9.4
2021-11-21 11:54,4,0.00390625,0,8.4,4.6,12.8,84.6,9.4
2021-11-21 11:54,4,0.00390625,0,8.4,4.6,12.8,84.6,9.4
2021-11-21 11:55,4,0.00390625,0,8.4,4.6,12.8,84.6,9.4
2021-11-21 11:55,4,0.00390625,0,8.4,4.6,12.8,84.6,9.4
2021-11-21 11:56,3,0.00292969,0,8.4,4.6,12.8,84.6,9.4
2021-11-21 11:56,3,0.00292969,0,8.4,4.6,12.8,84.6,9.4
2021-11-21 11:57,3,0.00292969,0,8.4,4.6,12.8,84.6,9.4
2021-11-21 11:57,3,0.00292969,0,8.4,4.6,12.8,84.6,9.4
2021-11-21 11:58,3,0.00292969,0,8.4,4.6,12.8,84.6,9.4
2021-11-21 11:58,3,0.00292969,0,8.4,4.6,12.8,84.6,9.4
2021-11-21 11:59,3,0.00292969,0,8.4,4.6,12.8,84.6,9.4
2021-11-21 11:59,3,0.00292969,0,8.4,4.6,12.8,84.6,9.4
2021-11-21 12:00,3,0.00292969,0,8.4,4.6,12.8,84.6,9.4
2021-11-21 12:00,3,0.00292969,0,8.4,4.6,12.8,84.6,9.4
2021-11-21 12:01,3,0.00292969,0,8.4,4.6,12.8,84.6,9.4
2021-11-21 12:01,3,0.00292969,0,8.4,4.6,12.8,84.6,9.4
2021-11-21 12:02,3,0.00292969,0,8.4,4.6,12.8,84.6,9.4
2021-11-21 12:02,3,0.00292969,0,8.4,4.6,12.8,84.6,9.4
2021-11-21 12:03,3,0.00292969,0,8.4,4.6,12.8,84.6,9.4
2021-11-21 12:03,3,0.00292969,0,8.4,4.6,12.8,84.6,9.4
2021-11-21 12:04,3,0.00292969,0,8.4,4.6,12.8,84.6,9.4
2021-11-21 12:04,3,0.00292969,0,8.4,4.6,12.8,84.6,9.4
2021-11-21 12:05,3,0.00292969,0,8.4,4.6,12.8,84.6,9.4
2021-11-21 12:05,3,0.00292969,0,8.4,4.6,12.8,84.6,9.4
2021-11-21 12:06,3,0.00292969,0,8.4,4.6,12.8,84.6,9.4
2021-11-21 12:06,3,0.00292969,0,8.4,4.6,12.8,84.6,9.4
2021-11-21 12:07,3,0.00292969,0,8.4,4.6,12.8,84.6,9.4
2021-11-21 12:07,3,0.00292969,0,8.4,4.6,12.8,84.6,9.4
2021-11-21 12:08,3,0.00292969,0,8.4,4.6,12.8,84.6,9.4
2021-11-21 12:09,3,0.00292969,0,8.4,4.6,12.8,84.6,9.4
2021-11-21 12:09,3,0.00292969,0,8.4,4.6,12.8,84.6,9.4
2021-11-21 12:10,3,0.00292969,0,8.4,4.6,12.8,84.6,9.4
2021-11-21 12:10,3,0.00292969,0,8.4,4.6,12.8,84.6,9.4
2021-11-21 12:11,3,0.00292969,0,8.4,4.6,12.8,84.6,9.4
2021-11-21 12:11,3,0.00292969,0,8.4,4.6,12.8,84.6,9.4
2021-11-21 12:12,3,0.00292969,0,8.4,4.6,12.8,84.6,9.4
2021-11-21 12:12,3,0.00292969,0,8.4,4.6,12.8,84.6,9.4
2021-11-21 12:13,3,0.00292969,0,8.4,4.6,12.8,84.6,9.4
2021-11-21 12:13,3,0.00292969,0,8.4,4.6,12.8,84.6,9.4
2021-11-21 12:14,3,0.00292969,0,8.4,4.6,12.8,84.6,9.4
2021-11-21 12:14,3,0.00292969,0,8.4,4.6,12.8,84.6,9.4
2021-11-21 12:15,3,0.00292969,0,8.4,4.6,12.8,84.6,9.4
2021-11-21 12:15,3,0.00292969,0,8.4,4.6,12.8,84.6,9.4
2021-11-21 12:16,3,0.00292969,0,8.4,4.6,12.8,84.6,9.4
2021-11-21 12:16,3,0.00292969,0,8.4,4.6,12.8,84.6,9.4
2021-11-21 12:17,3,0.00292969,0,8.4,4.6,12.8,84.6,9.4
2021-11-21 12:17,3,0.00292969,0,8.4,4.6,12.8,84.6,9.4
2021-11-21 12:18,3,0.00292969,0,8.4,4.6,12.8,84.6,9.4
2021-11-21 12:18,3,0.00292969,0,8.4,4.6,12.8,84.6,9.4
2021-11-21 12:19,3,0.00292969,0,8.4,4.6,12.8,84.6,9.4
2021-11-21 12:19,3,0.00292969,0,8.4,4.6,12.8,84.6,9.4
2021-11-21 12:20,4,0.00390625,0,8.4,4.6,12.8,84.6,9.4
2021-11-21 12:20,4,0.00390625,0,8.4,4.6,12.8,84.6,9.4
2021-11-21 12:21,4,0.00390625,0,8.4,4.6,12.8,84.6,9.4
2021-11-21 12:21,6,0.00585938,0,8.4,4.6,12.8,84.6,9.4
2021-11-21 12:22,7,0.00683594,0,8.4,4.6,12.8,84.6,9.4
2021-11-21 12:22,7,0.00683594,0,8.4,4.6,12.8,84.6,9.4
2021-11-21 12:23,7,0.00683594,0,8.4,4.6,12.8,84.6,9.4
2021-11-21 12:23,7,0.00683594,0,8.4,4.6,12.8,84.6,9.4
2021-11-21 12:24,7,0.00683594,0,8.4,4.6,12.8,84.6,9.4
2021-11-21 12:24,7,0.00683594,0,8.4,4.6,12.8,84.6,9.4
2021-11-21 12:25,7,0.00683594,0,8.4,4.6,12.8,84.6,9.4
2021-11-21 12:25,7,0.00683594,0,8.4,4.6,12.8,84.6,9.4
2021-11-21 12:26,7,0.00683594,0,8.4,4.6,12.8,84.6,9.4
2021-11-21 12:26,8,0.0078125,0,8.4,4.6,12.8,84.6,9.4
2021-11-21 12:27,8,0.0078125,0,8.4,4.6,12.8,84.6,9.4
2021-11-21 12:27,7,0.00683594,0,8.4,4.6,12.8,84.6,9.4
2021-11-21 12:28,7,0.00683594,0,8.4,4.6,12.8,84.6,9.4
2021-11-21 12:28,7,0.00683594,0,8.4,4.6,12.8,84.6,9.4
2021-11-21 12:29,7,0.00683594,0,8.4,4.6,12.8,84.6,9.4
2021-11-21 12:29,7,0.00683594,0,8.4,4.6,12.8,84.6,9.4
2021-11-21 12:30,7,0.00683594,0,8.4,4.6,12.8,84.6,9.4
2021-11-21 12:30,7,0.00683594,0,8.4,4.6,12.8,84.6,9.4
2021-11-21 12:31,7,0.00683594,0,8.4,4.6,12.8,84.6,9.4
2021-11-21 12:31,7,0.00683594,0,8.4,4.6,12.8,84.6,9.4
2021-11-21 12:32,7,0.00683594,0,8.4,4.6,12.8,84.6,9.4
2021-11-21 12:32,6,0.00585938,0,8.4,4.6,12.8,84.6,9.4
2021-11-21 12:33,6,0.00585938,0,8.4,4.6,12.8,84.6,9.4
2021-11-21 12:34,6,0.00585938,0,8.4,4.6,12.8,84.6,9.4
2021-11-21 12:34,6,0.00585938,0,8.4,4.6,12.8,84.6,9.4
2021-11-21 12:35,6,0.00585938,0,8.4,4.6,12.8,84.6,9.4
2021-11-21 12:35,6,0.00585938,0,8.4,4.6,12.8,84.6,9.4
2021-11-21 12:36,6,0.00585938,0,8.4,4.6,12.8,84.6,9.4
2021-11-21 12:36,6,0.00585938,0,8.4,4.6,12.8,84.6,9.4
2021-11-21 12:37,6,0.00585938,0,8.4,4.6,12.8,84.6,9.4
2021-11-21 12:37,6,0.00585938,0,8.4,4.6,12.8,84.6,9.4
2021-11-21 12:38,6,0.00585938,0,8.4,4.6,12.8,84.6,9.4
2021-11-21 12:38,6,0.00585938,0,8.4,4.6,12.8,84.6,9.4
2021-11-21 12:39,6,0.00585938,0,8.4,4.6,12.8,84.6,9.4
2021-11-21 12:40,6,0.00585938,0,8.4,4.6,12.8,84.6,9.4
2021-11-21 12:40,6,0.00585938,0,8.4,4.6,12.8,84.6,9.4
2021-11-21 12:41,6,0.00585938,0,8.4,4.6,12.8,84.6,9.4
2021-11-21 12:41,6,0.00585938,0,8.4,4.6,12.8,84.6,9.4
2021-11-21 12:42,6,0.00585938,0,8.4,4.6,12.8,84.6,9.4
2021-11-21 12:42,6,0.00585938,0,8.4,4.6,12.8,84.6,9.4
2021-11-21 12:43,6,0.00585938,0,8.4,4.6,12.8,84.6,9.4
2021-11-21 12:43,6,0.00585938,0,8.4,4.6,12.8,84.6,9.4
2021-11-21 12:44,6,0.00585938,0,8.4,4.6,12.8,84.6,9.4
2021-11-21 12:44,6,0.00585938,0,8.4,4.6,12.8,84.6,9.4
2021-11-21 12:45,6,0.00585938,0,8.4,4.6,12.8,84.6,9.4
2021-11-21 12:45,6,0.00585938,0,8.4,4.6,12.8,84.6,9.4
2021-11-21 12:46,6,0.00585938,0,8.4,4.6,12.8,84.6,9.4
2021-11-21 12:46,6,0.00585938,0,8.4,4.6,12.8,84.6,9.4
2021-11-21 12:47,6,0.00585938,0,8.4,4.6,12.8,84.6,9.4
2021-11-21 12:47,6,0.00585938,0,8.4,4.6,12.8,84.6,9.4
2021-11-21 12:48,6,0.00585938,0,8.4,4.6,12.8,84.6,9.4
2021-11-21 12:49,6,0.00585938,0,8.4,4.6,12.8,84.6,9.4
2021-11-21 12:49,6,0.00585938,0,8.4,4.6,12.8,84.6,9.4
2021-11-21 12:50,7,0.00683594,0,8.4,4.6,12.8,84.6,9.4
2021-11-21 12:50,7,0.00683594,0,8.4,4.6,12.8,84.6,9.4
2021-11-21 12:51,7,0.00683594,0,8.4,4.6,12.8,84.6,9.4
2021-11-21 12:51,7,0.00683594,0,8.4,4.6,12.8,84.6,9.4
2021-11-21 12:52,7,0.00683594,0,8.4,4.6,12.8,84.6,9.4
2021-11-21 12:52,7,0.00683594,0,8.4,4.6,12.8,84.6,9.4
2021-11-21 12:53,7,0.00683594,0,8.4,4.6,12.8,84.6,9.4
2021-11-21 12:53,7,0.00683594,0,8.4,4.6,12.8,84.6,9.4
2021-11-21 12:54,7,0.00683594,0,8.4,4.6,12.8,84.6,9.4
2021-11-21 12:54,7,0.00683594,0,8.4,4.6,12.8,84.6,9.4
2021-11-21 12:55,7,0.00683594,0,8.4,4.6,12.8,84.6,9.4
2021-11-21 12:55,7,0.00683594,0,8.4,4.6,12.8,84.6,9.4
2021-11-21 12:56,7,0.00683594,0,8.4,4.6,12.8,84.6,9.4
2021-11-21 12:56,8,0.0078125,0,8.4,4.6,12.8,84.6,9.4
2021-11-21 12:57,8,0.0078125,0,8.4,4.6,12.8,84.6,9.4
2021-11-21 12:57,8,0.0078125,0,8.4,4.6,12.8,84.6,9.4
2021-11-21 12:58,8,0.0078125,0,8.4,4.6,12.8,84.6,9.4
2021-11-21 12:58,8,0.0078125,0,8.4,4.6,12.8,84.6,9.4
2021-11-21 12:59,8,0.0078125,0,8.4,4.6,12.8,84.6,9.4
2021-11-21 12:59,8,0.0078125,0,8.4,4.6,12.8,84.6,9.4
2021-11-21 13:00,8,0.0078125,0,8.4,4.6,12.8,84.6,9.4
2021-11-21 13:00,7,0.00683594,0,8.4,4.6,12.8,84.6,9.4
2021-11-21 13:01,7,0.00683594,0,8.4,4.6,12.8,84.6,9.4
2021-11-21 13:01,7,0.00683594,0,8.4,4.6,12.8,84.6,9.4
2021-11-21 13:02,7,0.00683594,0,8.4,4.6,12.8,84.6,9.4
2021-11-21 13:02,7,0.00683594,0,8.4,4.6,12.8,84.6,9.4
2021-11-21 13:03,7,0.00683594,0,8.4,4.6,12.8,84.6,9.4
2021-11-21 13:03,7,0.00683594,0,8.4,4.6,12.8,84.6,9.4
2021-11-21 13:04,7,0.00683594,0,8.4,4.6,12.8,84.6,9.4
2021-11-21 13:04,7,0.00683594,0,8.4,4.6,12.8,84.6,9.4
2021-11-21 13:05,7,0.00683594,0,8.4,4.6,12.8,84.6,9.4
2021-11-21 13:05,7,0.00683594,0,8.4,4.6,12.8,84.6,9.4
2021-11-21 13:06,7,0.00683594,0,8.4,4.6,12.8,84.6,9.4
2021-11-21 13:06,7,0.00683594,0,8.4,4.6,12.8,84.6,9.4
2021-11-21 13:07,7,0.00683594,0,8.4,4.6,12.8,84.6,9.4
2021-11-21 13:07,7,0.00683594,0,8.4,4.6,12.8,84.6,9.4
2021-11-21 13:08,7,0.00683594,0,8.4,4.6,12.8,84.6,9.4
2021-11-21 13:08,7,0.00683594,0,8.4,4.6,12.8,84.6,9.4
2021-11-21 13:09,7,0.00683594,0,8.4,4.6,12.8,84.6,9.4
2021-11-21 13:09,7,0.00683594,0,8.4,4.6,12.8,84.6,9.4
2021-11-21 13:10,7,0.00683594,0,8.4,4.6,12.8,84.6,9.4
2021-11-21 13:11,7,0.00683594,0,8.4,4.6,12.8,84.6,9.4
2021-11-21 13:11,7,0.00683594,0,8.4,4.6,12.8,84.6,9.4
2021-11-21 13:12,7,0.00683594,0,8.4,4.6,12.8,84.6,9.4
2021-11-21 13:12,7,0.00683594,0,8.4,4.6,12.8,84.6,9.4
2021-11-21 13:13,7,0.00683594,0,8.4,4.6,12.8,84.6,9.4
2021-11-21 13:13,7,0.00683594,0,8.4,4.6,12.8,84.6,9.4
2021-11-21 13:14,7,0.00683594,0,8.4,4.6,12.8,84.6,9.4
2021-11-21 13:14,6,0.00585938,0,8.4,4.6,12.8,84.6,9.4
2021-11-21 13:14,6,0.00585938,0,8.4,4.6,12.8,84.6,9.4
2021-11-21 13:15,6,0.00585938,0,8.4,4.6,12.8,84.6,9.4
2021-11-21 13:15,6,0.00585938,0,8.4,4.6,12.8,84.6,9.4
2021-11-21 13:16,6,0.00585938,0,8.4,4.6,12.8,84.6,9.4
2021-11-21 13:16,6,0.00585938,0,8.4,4.6,12.8,84.6,9.4
2021-11-21 13:17,6,0.00585938,0,8.4,4.6,12.8,84.6,9.4
2021-11-21 13:17,6,0.00585938,0,8.4,4.6,12.8,84.6,9.4
2021-11-21 13:18,6,0.00585938,0,8.4,4.6,12.8,84.6,9.4
2021-11-21 13:18,6,0.00585938,0,8.4,4.6,12.8,84.6,9.4
2021-11-21 13:19,6,0.00585938,0,8.4,4.6,12.8,84.6,9.4
2021-11-21 13:19,6,0.00585938,0,8.4,4.6,12.8,84.6,9.4
2021-11-21 13:20,6,0.00585938,0,8.4,4.6,12.8,84.6,9.4
2021-11-21 13:20,6,0.00585938,0,8.4,4.6,12.8,84.6,9.4
2021-11-21 13:21,6,0.00585938,0,8.4,4.6,12.8,84.6,9.4
2021-11-21 13:21,6,0.00585938,0,8.4,4.6,12.8,84.6,9.4
2021-11-21 13:22,6,0.00585938,0,8.4,4.6,12.8,84.6,9.4
2021-11-21 13:22,6,0.00585938,0,8.4,4.6,12.8,84.6,9.4
2021-11-21 13:23,6,0.00585938,0,8.4,4.6,12.8,84.6,9.4
2021-11-21 13:23,6,0.00585938,0,8.4,4.6,12.8,84.6,9.4
2021-11-21 13:24,6,0.00585938,0,8.4,4.6,12.8,84.6,9.4
2021-11-21 13:25,6,0.00585938,0,8.4,4.6,12.8,84.6,9.4
2021-11-21 13:25,6,0.00585938,0,8.4,4.6,12.8,84.6,9.4
2021-11-21 13:26,6,0.00585938,0,8.4,4.6,12.8,84.6,9.4
2021-11-21 13:26,6,0.00585938,0,8.4,4.6,12.8,84.6,9.4
2021-11-21 13:27,6,0.00585938,0,8.4,4.6,12.8,84.6,9.4
2021-11-21 13:27,6,0.00585938,0,8.4,4.6,12.8,84.6,9.4
2021-11-21 13:28,6,0.00585938,0,8.4,4.6,12.8,84.6,9.4
2021-11-21 13:28,5,0.00488281,0,8.4,4.6,12.8,84.6,9.4
2021-11-21 13:29,5,0.00488281,0,8.4,4.6,12.8,84.6,9.4
2021-11-21 13:29,5,0.00488281,0,8.4,4.6,12.8,84.6,9.4
2021-11-21 13:30,5,0.00488281,0,8.4,4.6,12.8,84.6,9.4
2021-11-21 13:30,5,0.00488281,0,8.4,4.6,12.8,84.6,9.4
2021-11-21 13:31,5,0.00488281,0,8.4,4.6,12.8,84.6,9.4
2021-11-21 13:31,5,0.00488281,0,8.4,4.6,12.8,84.6,9.4
2021-11-21 13:32,5,0.00488281,0,8.4,4.6,12.8,84.6,9.4
2021-11-21 13:32,5,0.00488281,0,8.4,4.6,12.8,84.6,9.4
2021-11-21 13:33,5,0.00488281,0,8.4,4.6,12.8,84.6,9.4
2021-11-21 13:33,5,0.00488281,0,8.4,4.6,12.8,84.6,9.4
2021-11-21 13:34,5,0.00488281,0,8.4,4.6,12.8,84.6,9.4
2021-11-21 13:34,5,0.00488281,0,8.4,4.6,12.8,84.6,9.4
2021-11-21 13:35,5,0.00488281,0,8.4,4.6,12.8,84.6,9.4
2021-11-21 13:35,4,0.00390625,0,8.4,4.6,12.8,84.6,9.4
2021-11-21 13:36,4,0.00390625,0,8.4,4.6,12.8,84.6,9.4
2021-11-21 13:36,4,0.00390625,0,8.4,4.6,12.8,84.6,9.4
2021-11-21 13:37,4,0.00390625,0,8.4,4.6,12.8,84.6,9.4
2021-11-21 13:37,4,0.00390625,0,8.4,4.6,12.8,84.6,9.4
2021-11-21 13:38,4,0.00390625,0,8.4,4.6,12.8,84.6,9.4
2021-11-21 13:38,4,0.00390625,0,8.4,4.6,12.8,84.6,9.4
2021-11-21 13:39,4,0.00390625,0,8.4,4.6,12.8,84.6,9.4
2021-11-21 13:39,4,0.00390625,0,8.4,4.6,12.8,84.6,9.4
2021-11-21 13:40,4,0.00390625,0,8.4,4.6,12.8,84.6,9.4
2021-11-21 13:40,4,0.00390625,0,8.4,4.6,12.8,84.6,9.4
2021-11-21 13:41,4,0.00390625,0,8.4,4.6,12.8,84.6,9.4
2021-11-21 13:41,4,0.00390625,0,8.4,4.6,12.8,84.6,9.4
2021-11-21 13:42,4,0.00390625,0,8.4,4.6,12.8,84.6,9.4
2021-11-21 13:42,4,0.00390625,0,8.4,4.6,12.8,84.6,9.4
2021-11-21 13:43,4,0.00390625,0,8.4,4.6,12.8,84.6,9.4
2021-11-21 13:43,4,0.00390625,0,8.4,4.6,12.8,84.6,9.4
2021-11-21 13:44,4,0.00390625,0,8.4,4.6,12.8,84.6,9.4
2021-11-21 13:44,4,0.00390625,0,8.4,4.6,12.8,84.6,9.4
2021-11-21 13:45,4,0.00390625,0,8.4,4.6,12.8,84.6,9.4
2021-11-21 13:45,4,0.00390625,0,8.4,4.6,12.8,84.6,9.4
2021-11-21 13:46,4,0.00390625,0,8.4,4.6,12.8,84.6,9.4
2021-11-21 13:46,4,0.00390625,0,8.4,4.6,12.8,84.6,9.4
2021-11-21 13:52,4,0.00390625,0,8.4,4.6,12.8,84.6,9.4
2021-11-21 13:52,4,0.00390625,0,8.4,4.6,12.8,84.6,9.4
2021-11-21 13:53,4,0.00390625,0,8.4,4.6,12.8,84.6,9.4
2021-11-21 13:53,4,0.00390625,0,8.4,4.6,12.8,84.6,9.4
2021-11-21 13:54,5,0.00488281,0,8.4,4.6,12.8,84.6,9.4
2021-11-21 13:54,5,0.00488281,0,8.4,4.6,12.8,84.6,9.4
2021-11-21 13:55,5,0.00488281,0,8.4,4.6,12.8,84.6,9.4
2021-11-21 13:55,5,0.00488281,0,8.4,4.6,12.8,84.6,9.4
2021-11-21 13:56,5,0.00488281,0,8.4,4.6,12.8,84.6,9.4
2021-11-21 13:56,5,0.00488281,0,8.4,4.6,12.8,84.6,9.4
2021-11-21 13:57,5,0.00488281,0,8.4,4.6,12.8,84.6,9.4
2021-11-21 13:58,5,0.00488281,0,8.4,4.6,12.8,84.6,9.4
2021-11-21 13:58,5,0.00488281,0,8.4,4.6,12.8,84.6,9.4
2021-11-21 13:59,5,0.00488281,0,8.4,4.6,12.8,84.6,9.4
2021-11-21 13:59,5,0.00488281,0,8.4,4.6,12.8,84.6,9.4
2021-11-21 14:00,5,0.00488281,0,8.4,4.6,12.8,84.6,9.4
2021-11-21 14:03,5,0.00488281,0,8.4,4.6,12.8,84.6,9.4
2021-11-21 14:03,5,0.00488281,0,8.4,4.6,12.8,84.6,9.4
2021-11-21 14:04,5,0.00488281,0,8.4,4.6,12.8,84.6,9.4
2021-11-21 14:04,5,0.00488281,0,8.4,4.6,12.8,84.6,9.4
2021-11-21 14:05,6,0.00585938,0,8.4,4.6,12.8,84.6,9.4
2021-11-21 14:05,6,0.00585938,0,8.4,4.6,12.8,84.6,9.4
2021-11-21 14:06,6,0.00585938,0,8.4,4.6,12.8,84.6,9.4
2021-11-21 14:06,6,0.00585938,0,8.4,4.6,12.8,84.6,9.4
2021-11-21 14:07,6,0.00585938,0,8.4,4.6,12.8,84.6,9.4
2021-11-21 14:07,6,0.00585938,0,8.4,4.6,12.8,84.6,9.4
2021-11-21 14:08,6,0.00585938,0,8.4,4.6,12.8,84.6,9.4
2021-11-21 14:08,6,0.00585938,0,8.4,4.6,12.8,84.6,9.4
2021-11-21 14:09,6,0.00585938,0,8.4,4.6,12.8,84.6,9.4
2021-11-21 14:09,6,0.00585938,0,8.4,4.6,12.8,84.6,9.4
2021-11-21 14:10,6,0.00585938,0,8.4,4.6,12.8,84.6,9.4
2021-11-21 14:10,6,0.00585938,0,8.4,4.6,12.8,84.6,9.4
2021-11-21 14:11,6,0.00585938,0,8.4,4.6,12.8,84.6,9.4
2021-11-21 14:11,6,0.00585938,0,8.4,4.6,12.8,84.6,9.4
2021-11-21 14:12,6,0.00585938,0,8.4,4.6,12.8,84.6,9.4
2021-11-21 14:12,6,0.00585938,0,8.4,4.6,12.8,84.6,9.4
2021-11-21 14:13,6,0.00585938,0,8.4,4.6,12.8,84.6,9.4
2021-11-21 14:13,6,0.00585938,0,8.4,4.6,12.8,84.6,9.4
2021-11-21 14:14,6,0.00585938,0,8.4,4.6,12.8,84.6,9.4
2021-11-21 14:14,6,0.00585938,0,8.4,4.6,12.8,84.6,9.4
2021-11-21 14:15,6,0.00585938,0,8.4,4.6,12.8,84.6,9.4
2021-11-21 14:16,6,0.00585938,0,8.4,4.6,12.8,84.6,9.4
2021-11-21 14:16,6,0.00585938,0,8.4,4.6,12.8,84.6,9.4
2021-11-21 14:17,6,0.00585938,0,8.4,4.6,12.8,84.6,9.4
2021-11-21 14:17,6,0.00585938,0,8.4,4.6,12.8,84.6,9.4
2021-11-21 14:18,6,0.00585938,0,8.4,4.6,12.8,84.6,9.4
2021-11-21 14:18,6,0.00585938,0,8.4,4.6,12.8,84.6,9.4
2021-11-21 14:19,6,0.00585938,0,8.4,4.6,12.8,84.6,9.4
2021-11-21 14:19,6,0.00585938,0,8.4,4.6,12.8,84.6,9.4
2021-11-21 14:20,6,0.00585938,0,8.4,4.6,12.8,84.6,9.4
2021-11-21 14:20,6,0.00585938,0,8.4,4.6,12.8,84.6,9.4
2021-11-21 14:21,6,0.00585938,0,8.4,4.6,12.8,84.6,9.4
2021-11-21 14:21,6,0.00585938,0,8.4,4.6,12.8,84.6,9.4
2021-11-21 14:22,6,0.00585938,0,8.4,4.6,12.8,84.6,9.4
2021-11-21 14:22,6,0.00585938,0,8.4,4.6,12.8,84.6,9.4
2021-11-21 14:23,6,0.00585938,0,8.4,4.6,12.8,84.6,9.4
2021-11-21 14:23,6,0.00585938,0,8.4,4.6,12.8,84.6,9.4
2021-11-21 14:24,6,0.00585938,0,8.4,4.6,12.8,84.6,9.4
2021-11-21 14:24,6,0.00585938,0,8.4,4.6,12.8,84.6,9.4
2021-11-21 14:25,6,0.00585938,0,8.4,4.6,12.8,84.6,9.4
2021-11-21 14:25,6,0.00585938,0,8.4,4.6,12.8,84.6,9.4
2021-11-21 14:26,6,0.00585938,0,8.4,4.6,12.8,84.6,9.4
2021-11-21 14:26,6,0.00585938,0,8.4,4.6,12.8,84.6,9.4
2021-11-21 14:27,6,0.00585938,0,8.4,4.6,12.8,84.6,9.4
2021-11-21 14:27,6,0.00585938,0,8.4,4.6,12.8,84.6,9.4
2021-11-21 14:28,5,0.00488281,0,8.4,4.6,12.8,84.6,9.4
2021-11-21 14:28,5,0.00488281,0,8.4,4.6,12.8,84.6,9.4
2021-11-21 14:29,5,0.00488281,0,8.4,4.6,12.8,84.6,9.4
2021-11-21 14:29,5,0.00488281,0,8.4,4.6,12.8,84.6,9.4
2021-11-21 14:30,5,0.00488281,0,8.4,4.6,12.8,84.6,9.4
2021-11-21 14:30,5,0.00488281,0,8.4,4.6,12.8,84.6,9.4
2021-11-21 14:31,5,0.00488281,0,8.4,4.6,12.8,84.6,9.4
2021-11-21 14:31,5,0.00488281,0,8.4,4.6,12.8,84.6,9.4
2021-11-21 14:32,5,0.00488281,0,8.4,4.6,12.8,84.6,9.4
2021-11-21 14:32,5,0.00488281,0,8.4,4.6,12.8,84.6,9.4
2021-11-21 14:33,5,0.00488281,0,8.4,4.6,12.8,84.6,9.4
2021-11-21 14:33,5,0.00488281,0,8.4,4.6,12.8,84.6,9.4
2021-11-21 14:34,5,0.00488281,0,8.4,4.6,12.8,84.6,9.4
2021-11-21 14:34,5,0.00488281,0,8.4,4.6,12.8,84.6,9.4
2021-11-21 14:35,5,0.00488281,0,8.4,4.6,12.8,84.6,9.4
2021-11-21 14:35,5,0.00488281,0,8.4,4.6,12.8,84.6,9.4
2021-11-21 14:36,5,0.00488281,0,8.4,4.6,12.8,84.6,9.4
2021-11-21 14:36,5,0.00488281,0,8.4,4.6,12.8,84.6,9.4
2021-11-21 14:37,5,0.00488281,0,8.4,4.6,12.8,84.6,9.4
2021-11-21 14:37,5,0.00488281,0,8.4,4.6,12.8,84.6,9.4
2021-11-21 14:38,5,0.00488281,0,8.4,4.6,12.8,84.6,9.4
2021-11-21 14:38,5,0.00488281,0,8.4,4.6,12.8,84.6,9.4
2021-11-21 14:39,5,0.00488281,0,8.4,4.6,12.8,84.6,9.4
2021-11-21 14:40,5,0.00488281,0,8.4,4.6,12.8,84.6,9.4
2021-11-21 14:40,5,0.00488281,0,8.4,4.6,12.8,84.6,9.4
2021-11-21 14:41,5,0.00488281,0,8.4,4.6,12.8,84.6,9.4
2021-11-21 14:41,5,0.00488281,0,8.4,4.6,12.8,84.6,9.4
2021-11-21 14:42,5,0.00488281,0,8.4,4.6,12.8,84.6,9.4
2021-11-21 14:42,5,0.00488281,0,8.4,4.6,12.8,84.6,9.4
2021-11-21 14:43,5,0.00488281,0,8.4,4.6,12.8,84.6,9.4
2021-11-21 14:43,5,0.00488281,0,8.4,4.6,12.8,84.6,9.4
2021-11-21 14:44,5,0.00488281,0,8.4,4.6,12.8,84.6,9.4
2021-11-21 14:44,5,0.00488281,0,8.4,4.6,12.8,84.6,9.4
2021-11-21 14:45,5,0.00488281,0,8.4,4.6,12.8,84.6,9.4
2021-11-21 14:45,5,0.00488281,0,8.4,4.6,12.8,84.6,9.4
2021-11-21 14:46,5,0.00488281,0,8.4,4.6,12.8,84.6,9.4
2021-11-21 14:46,5,0.00488281,0,8.4,4.6,12.8,84.6,9.4
2021-11-21 14:47,5,0.00488281,0,8.4,4.6,12.8,84.6,9.4
2021-11-21 14:47,5,0.00488281,0,8.4,4.6,12.8,84.6,9.4
2021-11-21 14:48,5,0.00488281,0,8.4,4.6,12.8,84.6,9.4
2021-11-21 14:48,5,0.00488281,0,8.4,4.6,12.8,84.6,9.4
2021-11-21 14:49,5,0.00488281,0,8.4,4.6,12.8,84.6,9.4
2021-11-21 14:49,5,0.00488281,0,8.4,4.6,12.8,84.6,9.4
2021-11-21 14:50,4,0.00390625,0,8.4,4.6,12.8,84.6,9.4
2021-11-21 14:50,4,0.00390625,0,8.4,4.6,12.8,84.6,9.4
2021-11-21 14:51,4,0.00390625,0,8.4,4.6,12.8,84.6,9.4
2021-11-21 14:51,4,0.00390625,0,8.4,4.6,12.8,84.6,9.4
2021-11-21 14:52,4,0.00390625,0,8.4,4.6,12.8,84.6,9.4
2021-11-21 14:52,4,0.00390625,0,8.4,4.6,12.8,84.6,9.4
2021-11-21 14:53,4,0.00390625,0,8.4,4.6,12.8,84.6,9.4
2021-11-21 14:53,4,0.00390625,0,8.4,4.6,12.8,84.6,9.4
2021-11-21 14:54,4,0.00390625,0,8.4,4.6,12.8,84.6,9.4
2021-11-21 14:54,4,0.00390625,0,8.4,4.6,12.8,84.6,9.4
2021-11-21 14:55,4,0.00390625,0,8.4,4.6,12.8,84.6,9.4
2021-11-21 14:55,4,0.00390625,0,8.4,4.6,12.8,84.6,9.4
2021-11-21 14:56,4,0.00390625,0,8.4,4.6,12.8,84.6,9.4
2021-11-21 14:56,4,0.00390625,0,8.4,4.6,12.8,84.6,9.4
2021-11-21 14:57,4,0.00390625,0,8.4,4.6,12.8,84.6,9.4
2021-11-21 14:57,4,0.00390625,0,8.4,4.6,12.8,84.6,9.4
2021-11-21 14:58,4,0.00390625,0,8.4,4.6,12.8,84.6,9.4
2021-11-21 14:58,4,0.00390625,0,8.4,4.6,12.8,84.6,9.4
2021-11-21 14:59,4,0.00390625,0,8.4,4.6,12.8,84.6,9.4
2021-11-21 14:59,4,0.00390625,0,8.4,4.6,12.8,84.6,9.4
2021-11-21 15:00,4,0.00390625,0,8.4,4.6,12.8,84.6,9.4
2021-11-21 15:00,4,0.00390625,0,8.4,4.6,12.8,84.6,9.4
2021-11-21 15:01,4,0.00390625,0,8.4,4.6,12.8,84.6,9.4
2021-11-21 15:01,4,0.00390625,0,8.4,4.6,12.8,84.6,9.4
2021-11-21 15:02,4,0.00390625,0,8.4,4.6,12.8,84.6,9.4
2021-11-21 15:02,4,0.00390625,0,8.4,4.6,12.8,84.6,9.4
2021-11-21 15:03,4,0.00390625,0,8.4,4.6,12.8,84.6,9.4
2021-11-21 15:09,4,0.00390625,0,8.4,4.6,12.8,84.6,9.4
2021-11-21 15:09,4,0.00390625,0,8.4,4.6,12.8,84.6,9.4
2021-11-21 15:10,4,0.00390625,0,8.4,4.6,12.8,84.6,9.4
2021-11-21 15:10,4,0.00390625,0,8.4,4.6,12.8,84.6,9.4
2021-11-21 15:11,4,0.00390625,0,8.4,4.6,12.8,84.6,9.4
2021-11-21 15:11,4,0.00390625,0,8.4,4.6,12.8,84.6,9.4
2021-11-21 15:12,3,0.00292969,0,8.4,4.6,12.8,84.6,9.4
2021-11-21 15:13,3,0.00292969,0,8.4,4.6,12.8,84.6,9.4
2021-11-21 15:13,3,0.00292969,0,8.4,4.6,12.8,84.6,9.4
2021-11-21 15:14,3,0.00292969,0,8.4,4.6,12.8,84.6,9.4
2021-11-21 15:14,3,0.00292969,0,8.4,4.6,12.8,84.6,9.4
2021-11-21 15:15,3,0.00292969,0,8.4,4.6,12.8,84.6,9.4
2021-11-21 15:15,3,0.00292969,0,8.4,4.6,12.8,84.6,9.4
2021-11-21 15:16,3,0.00292969,0,8.4,4.6,12.8,84.6,9.4
2021-11-21 15:16,3,0.00292969,0,8.4,4.6,12.8,84.6,9.4
2021-11-21 15:17,3,0.00292969,0,8.4,4.6,12.8,84.6,9.4
2021-11-21 15:17,3,0.00292969,0,8.4,4.6,12.8,84.6,9.4
2021-11-21 15:18,3,0.00292969,0,8.4,4.6,12.8,84.6,9.4
2021-11-21 15:18,3,0.00292969,0,8.4,4.6,12.8,84.6,9.4
2021-11-21 15:19,3,0.00292969,0,8.4,4.6,12.8,84.6,9.4
2021-11-21 15:19,3,0.00292969,0,8.4,4.6,12.8,84.6,9.4
2021-11-21 15:20,3,0.00292969,0,8.4,4.6,12.8,84.6,9.4
2021-11-21 15:20,3,0.00292969,0,8.4,4.6,12.8,84.6,9.4
2021-11-21 15:21,3,0.00292969,0,8.4,4.6,12.8,84.6,9.4
2021-11-21 15:21,3,0.00292969,0,8.4,4.6,12.8,84.6,9.4
2021-11-21 15:22,3,0.00292969,0,8.4,4.6,12.8,84.6,9.4
2021-11-21 15:22,3,0.00292969,0,8.4,4.6,12.8,84.6,9.4
2021-11-21 15:23,3,0.00292969,0,8.4,4.6,12.8,84.6,9.4
2021-11-21 15:23,3,0.00292969,0,8.4,4.6,12.8,84.6,9.4
2021-11-21 15:24,3,0.00292969,0,8.4,4.6,12.8,84.6,9.4
2021-11-21 15:24,3,0.00292969,0,8.4,4.6,12.8,84.6,9.4
2021-11-21 15:25,3,0.00292969,0,8.4,4.6,12.8,84.6,9.4
2021-11-21 15:25,3,0.00292969,0,8.4,4.6,12.8,84.6,9.4
2021-11-21 15:26,3,0.00292969,0,8.4,4.6,12.8,84.6,9.4
2021-11-21 15:26,3,0.00292969,0,8.4,4.6,12.8,84.6,9.4
2021-11-21 15:27,3,0.00292969,0,8.4,4.6,12.8,84.6,9.4
2021-11-21 15:27,3,0.00292969,0,8.4,4.6,12.8,84.6,9.4
2021-11-21 15:28,3,0.00292969,0,8.4,4.6,12.8,84.6,9.4
2021-11-21 15:28,3,0.00292969,0,8.4,4.6,12.8,84.6,9.4
2021-11-21 15:29,3,0.00292969,0,8.4,4.6,12.8,84.6,9.4
2021-11-21 15:29,3,0.00292969,0,8.4,4.6,12.8,84.6,9.4
2021-11-21 15:30,3,0.00292969,0,8.4,4.6,12.8,84.6,9.4
2021-11-21 15:30,3,0.00292969,0,8.4,4.6,12.8,84.6,9.4
2021-11-21 15:31,3,0.00292969,0,8.4,4.6,12.8,84.6,9.4
2021-11-21 15:31,3,0.00292969,0,8.4,4.6,12.8,84.6,9.4
2021-11-21 15:32,3,0.00292969,0,8.4,4.6,12.8,84.6,9.4
2021-11-21 15:33,3,0.00292969,0,8.4,4.6,12.8,84.6,9.4
2021-11-21 15:33,3,0.00292969,0,8.4,4.6,12.8,84.6,9.4
2021-11-21 15:34,3,0.00292969,0,8.4,4.6,12.8,84.6,9.4
2021-11-21 15:34,3,0.00292969,0,8.4,4.6,12.8,84.6,9.4
2021-11-21 15:35,3,0.00292969,0,8.4,4.6,12.8,84.6,9.4
2021-11-21 15:35,3,0.00292969,0,8.4,4.6,12.8,84.6,9.4
2021-11-21 15:36,3,0.00292969,0,8.4,4.6,12.8,84.6,9.4
2021-11-21 15:36,3,0.00292969,0,8.4,4.6,12.8,84.6,9.4
2021-11-21 15:37,3,0.00292969,0,8.4,4.6,12.8,84.6,9.4
2021-11-21 15:37,3,0.00292969,0,8.4,4.6,12.8,84.6,9.4
2021-11-21 15:38,3,0.00292969,0,8.4,4.6,12.8,84.6,9.4
2021-11-21 15:38,3,0.00292969,0,8.4,4.6,12.8,84.6,9.4
2021-11-21 15:39,3,0.00292969,0,8.4,4.6,12.8,84.6,9.4
2021-11-21 15:39,3,0.00292969,0,8.4,4.6,12.8,84.6,9.4
2021-11-21 15:40,3,0.00292969,0,8.4,4.6,12.8,84.6,9.4
2021-11-21 15:40,3,0.00292969,0,8.4,4.6,12.8,84.6,9.4
2021-11-21 15:41,3,0.00292969,0,8.4,4.6,12.8,84.6,9.4
2021-11-21 15:41,3,0.00292969,0,8.4,4.6,12.8,84.6,9.4
2021-11-21 15:42,3,0.00292969,0,8.4,4.6,12.8,84.6,9.4
2021-11-21 15:42,3,0.00292969,0,8.4,4.6,12.8,84.6,9.4
2021-11-21 15:43,3,0.00292969,0,8.4,4.6,12.8,84.6,9.4
2021-11-21 15:43,3,0.00292969,0,8.4,4.6,12.8,84.6,9.4
2021-11-21 15:44,3,0.00292969,0,8.4,4.6,12.8,84.6,9.4
2021-11-21 15:44,3,0.00292969,0,8.4,4.6,12.8,84.6,9.4
2021-11-21 15:45,2,0.00195312,0,8.4,4.6,12.8,84.6,9.4
2021-11-21 15:45,2,0.00195312,0,8.4,4.6,12.8,84.6,9.4
2021-11-21 15:46,2,0.00195312,0,8.4,4.6,12.8,84.6,9.4
2021-11-21 15:46,2,0.00195312,0,8.4,4.6,12.8,84.6,9.4
2021-11-21 15:47,2,0.00195312,0,8.4,4.6,12.8,84.6,9.4
2021-11-21 15:47,2,0.00195312,0,8.4,4.6,12.8,84.6,9.4
2021-11-21 15:48,2,0.00195312,0,8.4,4.6,12.8,84.6,9.4
2021-11-21 15:48,2,0.00195312,0,8.4,4.6,12.8,84.6,9.4
2021-11-21 15:49,2,0.00195312,0,8.4,4.6,12.8,84.6,9.4
2021-11-21 15:49,2,0.00195312,0,8.4,4.6,12.8,84.6,9.4
2021-11-21 15:50,2,0.00195312,0,8.4,4.6,12.8,84.6,9.4
2021-11-21 15:50,2,0.00195312,0,8.4,4.6,12.8,84.6,9.4
2021-11-21 15:51,2,0.00195312,0,8.4,4.6,12.8,84.6,9.4
2021-11-21 15:51,2,0.00195312,0,8.4,4.6,12.8,84.6,9.4
2021-11-21 15:52,2,0.00195312,0,8.4,4.6,12.8,84.6,9.4
2021-11-21 15:52,2,0.00195312,0,8.4,4.6,12.8,84.6,9.4
2021-11-21 15:53,2,0.00195312,0,8.4,4.6,12.8,84.6,9.4
2021-11-21 15:53,2,0.00195312,0,8.4,4.6,12.8,84.6,9.4
2021-11-21 15:54,2,0.00195312,0,8.4,4.6,12.8,84.6,9.4
2021-11-21 15:54,2,0.00195312,0,8.4,4.6,12.8,84.6,9.4
2021-11-21 15:55,2,0.00195312,0,8.4,4.6,12.8,84.6,9.4
2021-11-21 15:55,2,0.00195312,0,8.4,4.6,12.8,84.6,9.4
2021-11-21 15:56,2,0.00195312,0,8.4,4.6,12.8,84.6,9.4
2021-11-21 15:56,2,0.00195312,0,8.4,4.6,12.8,84.6,9.4
2021-11-21 15:57,2,0.00195312,0,8.4,4.6,12.8,84.6,9.4
2021-11-21 15:57,2,0.00195312,0,8.4,4.6,12.8,84.6,9.4
2021-11-21 15:58,2,0.00195312,0,8.4,4.6,12.8,84.6,9.4
2021-11-21 15:59,2,0.00195312,0,8.4,4.6,12.8,84.6,9.4
2021-11-21 15:59,2,0.00195312,0,8.4,4.6,12.8,84.6,9.4
2021-11-21 16:00,2,0.00195312,0,8.4,4.6,12.8,84.6,9.4
2021-11-21 16:00,2,0.00195312,0,8.4,4.6,12.8,84.6,9.4
2021-11-21 16:01,2,0.00195312,0,8.4,4.6,12.8,84.6,9.4
2021-11-21 16:01,2,0.00195312,0,8.4,4.6,12.8,84.6,9.4
2021-11-21 16:02,2,0.00195312,0,8.4,4.6,12.8,84.6,9.4
2021-11-21 16:02,2,0.00195312,0,8.4,4.6,12.8,84.6,9.4
2021-11-21 16:03,2,0.00195312,0,8.4,4.6,12.8,84.6,9.4
2021-11-21 16:03,2,0.00195312,0,8.4,4.6,12.8,84.6,9.4
2021-11-21 16:04,2,0.00195312,0,8.4,4.6,12.8,84.6,9.4
2021-11-21 16:04,2,0.00195312,0,8.4,4.6,12.8,84.6,9.4
2021-11-21 16:05,2,0.00195312,0,8.4,4.6,12.8,84.6,9.4
2021-11-21 16:05,2,0.00195312,0,8.4,4.6,12.8,84.6,9.4
2021-11-21 16:06,2,0.00195312,0,8.4,4.6,12.8,84.6,9.4
2021-11-21 16:06,2,0.00195312,0,8.4,4.6,12.8,84.6,9.4
2021-11-21 16:07,2,0.00195312,0,8.4,4.6,12.8,84.6,9.4
2021-11-21 16:07,2,0.00195312,0,8.4,4.6,12.8,84.6,9.4
2021-11-21 16:08,2,0.00195312,0,8.4,4.6,12.8,84.6,9.4
2021-11-21 16:08,2,0.00195312,0,8.4,4.6,12.8,84.6,9.4
2021-11-21 16:09,2,0.00195312,0,8.4,4.6,12.8,84.6,9.4
2021-11-21 16:09,2,0.00195312,0,8.4,4.6,12.8,84.6,9.4
2021-11-21 16:10,2,0.00195312,0,8.4,4.6,12.8,84.6,9.4
2021-11-21 16:10,2,0.00195312,0,8.4,4.6,12.8,84.6,9.4
2021-11-21 16:11,2,0.00195312,0,8.4,4.6,12.8,84.6,9.4
2021-11-21 16:11,2,0.00195312,0,8.4,4.6,12.8,84.6,9.4
2021-11-21 16:12,2,0.00195312,0,8.4,4.6,12.8,84.6,9.4
2021-11-21 16:12,2,0.00195312,0,8.4,4.6,12.8,84.6,9.4
2021-11-21 16:13,2,0.00195312,0,8.4,4.6,12.8,84.6,9.4
2021-11-21 16:13,2,0.00195312,0,8.4,4.6,12.8,84.6,9.4
2021-11-21 16:14,2,0.00195312,0,8.4,4.6,12.8,84.6,9.4
2021-11-21 16:14,2,0.00195312,0,8.4,4.6,12.8,84.6,9.4
2021-11-21 16:15,2,0.00195312,0,8.4,4.6,12.8,84.6,9.4
2021-11-21 16:15,2,0.00195312,0,8.4,4.6,12.8,84.6,9.4
2021-11-21 16:16,2,0.00195312,0,8.4,4.6,12.8,84.6,9.4
2021-11-21 16:16,2,0.00195312,0,8.4,4.6,12.8,84.6,9.4
2021-11-21 16:17,2,0.00195312,0,8.4,4.6,12.8,84.6,9.4
2021-11-21 16:17,2,0.00195312,0,8.4,4.6,12.8,84.6,9.4
2021-11-21 16:18,2,0.00195312,0,8.4,4.6,12.8,84.6,9.4
2021-11-21 16:18,2,0.00195312,0,8.4,4.6,12.8,84.6,9.4
2021-11-21 16:19,2,0.00195312,0,8.4,4.6,12.8,84.6,9.4
2021-11-21 16:19,2,0.00195312,0,8.4,4.6,12.8,84.6,9.4
2021-11-21 16:20,2,0.00195312,0,8.4,4.6,12.8,84.6,9.4
2021-11-21 16:20,2,0.00195312,0,8.4,4.6,12.8,84.6,9.4
2021-11-21 16:21,2,0.00195312,0,8.4,4.6,12.8,84.6,9.4
2021-11-21 16:21,2,0.00195312,0,8.4,4.6,12.8,84.6,9.4
2021-11-21 16:22,2,0.00195312,0,8.4,4.6,12.8,84.6,9.4
2021-11-21 16:22,2,0.00195312,0,8.4,4.6,12.8,84.6,9.4
2021-11-21 16:23,2,0.00195312,0,8.4,4.6,12.8,84.6,9.4
2021-11-21 16:23,2,0.00195312,0,8.4,4.6,12.8,84.6,9.4
2021-11-21 16:24,2,0.00195312,0,8.4,4.6,12.8,84.6,9.4
2021-11-21 16:25,2,0.00195312,0,8.4,4.6,12.8,84.6,9.4
2021-11-21 16:25,2,0.00195312,0,8.4,4.6,12.8,84.6,9.4
2021-11-21 16:26,1,0.000976562,0,8.4,4.6,12.8,84.6,9.4
2021-11-21 16:26,1,0.000976562,0,8.4,4.6,12.8,84.6,9.4
2021-11-21 16:27,1,0.000976562,0,8.4,4.6,12.8,84.6,9.4
2021-11-21 16:27,1,0.000976562,0,8.4,4.6,12.8,84.6,9.4
2021-11-21 16:28,1,0.000976562,0,8.4,4.6,12.8,84.6,9.4
2021-11-21 16:28,1,0.000976562,0,8.4,4.6,12.8,84.6,9.4
2021-11-21 16:29,1,0.000976562,0,8.4,4.6,12.8,84.6,9.4
2021-11-21 16:29,1,0.000976562,0,8.4,4.6,12.8,84.6,9.4
2021-11-21 16:30,1,0.000976562,0,8.4,4.6,12.8,84.6,9.4
2021-11-21 16:32,1,0.000976562,0,8.4,4.6,12.8,84.6,9.4
2021-11-21 16:32,1,0.000976562,0,8.4,4.6,12.8,84.6,9.4
2021-11-21 16:33,1,0.000976562,0,8.4,4.6,12.8,84.6,9.4
2021-11-21 16:33,1,0.000976562,0,8.4,4.6,12.8,84.6,9.4
2021-11-21 16:34,1,0.000976562,0,8.4,4.6,12.8,84.6,9.4
2021-11-21 16:34,1,0.000976562,0,8.4,4.6,12.8,84.6,9.4
2021-11-21 16:35,1,0.000976562,0,8.4,4.6,12.8,84.6,9.4
2021-11-21 16:35,1,0.000976562,0,8.4,4.6,12.8,84.6,9.4
2021-11-21 16:36,1,0.000976562,0,8.4,4.6,12.8,84.6,9.4
2021-11-21 16:36,1,0.000976562,0,8.4,4.6,12.8,84.6,9.4
2021-11-21 16:37,1,0.000976562,0,8.4,4.6,12.8,84.6,9.4
2021-11-21 16:37,1,0.000976562,0,8.4,4.6,12.8,84.6,9.4
2021-11-21 16:38,1,0.000976562,0,8.4,4.6,12.8,84.6,9.4
2021-11-21 16:38,1,0.000976562,0,8.4,4.6,12.8,84.6,9.4
2021-11-21 16:39,1,0.000976562,0,8.4,4.6,12.8,84.6,9.4
2021-11-21 16:39,1,0.000976562,0,8.4,4.6,12.8,84.6,9.4
2021-11-21 16:40,1,0.000976562,0,8.4,4.6,12.8,84.6,9.4
2021-11-21 16:40,1,0.000976562,0,8.4,4.6,12.8,84.6,9.4
2021-11-21 16:41,1,0.000976562,0,8.4,4.6,12.8,84.6,9.4
2021-11-21 16:41,1,0.000976562,0,8.4,4.6,12.8,84.6,9.4
2021-11-21 16:42,1,0.000976562,0,8.4,4.6,12.8,84.6,9.4
2021-11-21 16:42,1,0.000976562,0,8.4,4.6,12.8,84.6,9.4
2021-11-21 16:43,1,0.000976562,0,8.4,4.6,12.8,84.6,9.4
2021-11-21 16:44,1,0.000976562,0,8.4,4.6,12.8,84.6,9.4
2021-11-21 16:44,1,0.000976562,0,8.4,4.6,12.8,84.6,9.4
2021-11-21 16:45,1,0.000976562,0,8.4,4.6,12.8,84.6,9.4
